{"IcoMoonType":"selection","icons":[{"icon":{"paths":["M896 853.305c0 11.315-4.494 22.17-12.498 30.168-7.999 8.004-18.853 12.498-30.168 12.498h-682.667c-11.316 0-22.168-4.494-30.17-12.498-8.001-7.999-12.497-18.853-12.497-30.168v-448.47c-0.005-6.502 1.477-12.919 4.332-18.761s7.006-10.954 12.138-14.946l341.333-265.472c7.49-5.827 16.708-8.99 26.197-8.99s18.707 3.163 26.197 8.99l341.333 265.472c5.131 3.992 9.284 9.104 12.14 14.946 2.85 5.842 4.335 12.259 4.329 18.761v448.47zM810.667 810.638v-384.939l-298.667-232.32-298.667 232.32v384.939h597.333z"],"attrs":[],"isMulticolor":false,"isMulticolor2":false,"grid":0,"tags":["home"],"colorPermutations":{}},"attrs":[],"properties":{"order":226,"id":4,"name":"home","prevSize":32,"code":59652},"setIdx":0,"setId":8,"iconIdx":0},{"icon":{"paths":["M824.407 256c0-23.963-19.426-43.39-43.39-43.39h-541.505c-23.963 0-43.39 19.426-43.39 43.39s19.426 43.39 43.39 43.39h435.495l-488.481 480.339c-17.086 16.802-17.317 44.273-0.515 61.36s44.273 17.318 61.36 0.515l490.256-482.084v428.959c0 23.963 19.426 43.39 43.39 43.39s43.39-19.426 43.39-43.39v-532.48z"],"attrs":[],"width":1041,"isMulticolor":false,"isMulticolor2":false,"grid":0,"tags":["arrow-tl"],"colorPermutations":{}},"attrs":[],"properties":{"order":222,"id":3,"name":"arrow-tl","prevSize":32,"code":59648},"setIdx":0,"setId":8,"iconIdx":1},{"icon":{"paths":["M609.254 695.593l-434.447-434.447-72.408 72.408 434.447 434.446 72.407-72.407z","M536.847 768l434.447-434.446-72.412-72.408-434.444 434.447 72.409 72.407z"],"attrs":[],"isMulticolor":false,"isMulticolor2":false,"grid":0,"tags":["chevron-bottom"],"colorPermutations":{}},"attrs":[],"properties":{"order":223,"id":2,"name":"chevron-bottom","prevSize":32,"code":59649},"setIdx":0,"setId":8,"iconIdx":2},{"icon":{"paths":["M339.968 332.8l172.032 269.824 172.032-269.824h-344.064zM153.6 230.4h716.8l-358.4 563.2-358.4-563.2z"],"attrs":[],"isMulticolor":false,"isMulticolor2":false,"grid":0,"tags":["outline-play"],"colorPermutations":{}},"attrs":[],"properties":{"order":224,"id":1,"name":"outline-play","prevSize":32,"code":59650},"setIdx":0,"setId":8,"iconIdx":3},{"icon":{"paths":["M935.738 512.003c0-8.571-3.424-16.787-9.506-22.822l-365.745-362.666c-12.602-12.497-32.949-12.411-45.445 0.192s-12.411 32.949 0.191 45.446l310.323 307.713h-696.47c-17.748 0-32.136 14.387-32.136 32.137 0 17.746 14.388 32.133 32.136 32.133h696.47l-310.323 307.712c-12.602 12.496-12.687 32.843-0.191 45.449 12.496 12.602 32.843 12.687 45.445 0.191l365.745-362.667c6.083-6.035 9.506-14.251 9.506-22.818z"],"attrs":[],"width":1058,"isMulticolor":false,"isMulticolor2":false,"grid":0,"tags":["arrow-right"],"colorPermutations":{}},"attrs":[],"properties":{"order":225,"id":0,"name":"arrow-right","prevSize":32,"code":59651},"setIdx":0,"setId":8,"iconIdx":4}],"height":1024,"metadata":{"name":"icons"},"preferences":{"showGlyphs":true,"showQuickUse":true,"showQuickUse2":true,"showSVGs":true,"fontPref":{"prefix":"_icon-","metadata":{"fontFamily":"icons","majorVersion":1,"minorVersion":0},"metrics":{"emSize":1024,"baseline":6.25,"whitespace":50},"embed":false},"imagePref":{"prefix":"icon-","png":true,"useClassSelector":true,"color":0,"bgColor":16777215,"classSelector":".icon","name":"icomoon"},"historySize":50,"showCodes":true,"gridSize":16}}